{
    "TLQ_b": 0.31490885605811303,
    "BLQ_b": 0.9871353764368798,
    "BRQ_b": 0.9873767071426075,
    "BMQ_b": 0.9835572140892422,
    "TMQ_g": 0.9621498264165945,
    "BLQ_g": 0.9314225587135505,
    "BRQ_g": 0.9540130899373493,
    "TRQ_g": 0.9340634170629788,
    "TMQ_r": 0.9578695700475792,
    "BLQ_r": 0.9657205183838247,
    "BRQ_r": 0.9743105099927216,
    "TRQ_r": 0.3758334966334764,
    "BMQ_r": 0.4298503507652568,
    "TLQ_r": 0.8965792774838534
}