{
    "408.3": 0.31377246234749023,
    "409.7": 0.9787455213395296,
    "433.2": 0.989028535487962,
    "449.8": 0.9842446446179998,
    "489.5": 0.9835572140892422,
    "512.0": 0.9490604543526747,
    "526.0": 0.9621498264165945,
    "554.4": 0.9531194358628056,
    "554.9": 0.9325345698869929,
    "577.7": 0.8510270434888736,
    "631.0": 0.9578695700475792,
    "655.6": 0.9786441503961316,
    "685.1": 0.9701469337934067,
    "713.5": 0.9999673804433322,
    "734.9": 0.4298503507652568,
    "856.7": 0.18093257738497126
}