{
    "12": {
        "factor": 0.22616087548026997,
        "center": 408.3
    },
    "18": {
        "factor": 2.6181668755597634,
        "center": 409.7
    },
    "9": {
        "factor": 0.3463180193724375,
        "center": 433.2
    },
    "3": {
        "factor": 0.6955497221690792,
        "center": 449.8
    },
    "6": {
        "factor": 0.3968980159307985,
        "center": 489.5
    },
    "17": {
        "factor": 0.46686225020343597,
        "center": 512.0
    },
    "14": {
        "factor": 0.4526530813798309,
        "center": 526.0
    },
    "8": {
        "factor": 0.43619928028349225,
        "center": 554.4
    },
    "2": {
        "factor": 0.4246340033412454,
        "center": 554.9
    },
    "11": {
        "factor": 0.5208633912356977,
        "center": 577.7
    },
    "13": {
        "factor": 0.1941176459694876,
        "center": 631.0
    },
    "7": {
        "factor": 0.3004482104744941,
        "center": 655.6
    },
    "1": {
        "factor": 0.28350338309776735,
        "center": 685.1
    },
    "10": {
        "factor": 0.5428964806156816,
        "center": 713.5
    },
    "4": {
        "factor": 0.33557892017225194,
        "center": 734.9
    },
    "16": {
        "factor": 0.6037297321549486,
        "center": 856.7
    }
}