{
    "12": {
        "factor": 0.225154414866727,
        "center": 409.7
    },
    "3": {
        "factor": 0.6800042562654901,
        "center": 433.2
    },
    "9": {
        "factor": 0.3535818014554256,
        "center": 449.8
    },
    "6": {
        "factor": 0.3968980159307985,
        "center": 489.5
    },
    "14": {
        "factor": 0.4526530813798309,
        "center": 526.0
    },
    "2": {
        "factor": 0.423516512165045,
        "center": 554.4
    },
    "8": {
        "factor": 0.43743166961756286,
        "center": 554.9
    },
    "17": {
        "factor": 0.6634284927626454,
        "center": 577.7
    },
    "13": {
        "factor": 0.1941176459694876,
        "center": 631.0
    },
    "1": {
        "factor": 0.23957416662877756,
        "center": 655.6
    },
    "7": {
        "factor": 0.35016208357778317,
        "center": 685.1
    },
    "16": {
        "factor": 0.2791777824840894,
        "center": 713.5
    },
    "4": {
        "factor": 0.33557892017225194,
        "center": 734.9
    },
    "10": {
        "factor": 0.8724328007224983,
        "center": 856.7
    }
}