{
    "409.7": 0.31490885605811303,
    "433.2": 0.9871353764368798,
    "449.8": 0.9873767071426075,
    "489.5": 0.9835572140892422,
    "526.0": 0.9621498264165945,
    "554.4": 0.9314225587135505,
    "554.9": 0.9540130899373493,
    "577.7": 0.9340634170629788,
    "631.0": 0.9578695700475792,
    "655.6": 0.9657205183838247,
    "685.1": 0.9743105099927216,
    "713.5": 0.3758334966334764,
    "734.9": 0.8911535616678997,
    "856.7": 0.9224997135897046
}