{
    "TLQ_b": 0.31377246234749023,
    "TRQ_b": 0.9787455213395296,
    "BRQ_b": 0.989028535487962,
    "BLQ_b": 0.9842446446179998,
    "BMQ_b": 0.9835572140892422,
    "TRQ_g": 0.9490604543526747,
    "TMQ_g": 0.9621498264165945,
    "BRQ_g": 0.9531194358628056,
    "BLQ_g": 0.9325345698869929,
    "TLQ_g": 0.8510270434888736,
    "TMQ_r": 0.9578695700475792,
    "BRQ_r": 0.9786441503961316,
    "BLQ_r": 0.9701469337934067,
    "TLQ_r": 0.9528675340674586,
    "BMQ_r": 0.8911535616678997,
    "TRQ_r": 0.18093257738497126
}